{
  "loss": [
    0.19755494594573975,
    0.15164883434772491,
    0.14306527376174927,
    0.13561703264713287,
    0.13037215173244476,
    0.12275318801403046,
    0.12152227014303207,
    0.11512760818004608,
    0.1154608204960823,
    0.1124231219291687,
    0.10944781452417374,
    0.10847317427396774,
    0.1052117720246315,
    0.10087456554174423,
    0.10139387845993042,
    0.09772862493991852,
    0.095430389046669,
    0.09576614201068878,
    0.09235829859972,
    0.09207112342119217,
    0.0913362130522728,
    0.0903528705239296,
    0.08845280855894089,
    0.08600898832082748,
    0.08664534240961075,
    0.08600257337093353,
    0.08469480276107788,
    0.08530783653259277,
    0.08125364780426025,
    0.07750549912452698,
    0.0787532776594162,
    0.0755886361002922,
    0.07693598419427872,
    0.0759832113981247,
    0.0751073881983757,
    0.07492156326770782,
    0.07278083264827728,
    0.07138022035360336,
    0.06963822990655899,
    0.07053069025278091,
    0.06940668821334839,
    0.07125280052423477,
    0.06420828402042389,
    0.06251255422830582,
    0.06269451230764389,
    0.06416653096675873,
    0.060202229768037796
  ],
  "accuracy": [
    0.9487855434417725,
    0.9515819549560547,
    0.9519814848899841,
    0.955097496509552,
    0.9574145078659058,
    0.9587727785110474,
    0.9596516489982605,
    0.960210919380188,
    0.9597315192222595,
    0.9623681902885437,
    0.9636465311050415,
    0.9643656015396118,
    0.9639661312103271,
    0.9663630723953247,
    0.9658037424087524,
    0.9659635424613953,
    0.9662831425666809,
    0.9658836722373962,
    0.9685202836990356,
    0.9689197540283203,
    0.9674816131591797,
    0.9688398838043213,
    0.9698785543441772,
    0.9695589542388916,
    0.9678012132644653,
    0.9706775546073914,
    0.972115695476532,
    0.9702780246734619,
    0.9723553657531738,
    0.9726749658584595,
    0.9718760251998901,
    0.9728347659111023,
    0.9723553657531738,
    0.9745925068855286,
    0.9734739661216736,
    0.973953366279602,
    0.9747523069381714,
    0.9743528366088867,
    0.9747523069381714,
    0.9755513072013855,
    0.976110577583313,
    0.975071907043457,
    0.9774688482284546,
    0.9782677888870239,
    0.9762703776359558,
    0.9777085185050964,
    0.9783477187156677
  ],
  "val_loss": [
    0.14726810157299042,
    0.13737095892429352,
    0.12987999618053436,
    0.12386888265609741,
    0.11980310082435608,
    0.11757823079824448,
    0.11599105596542358,
    0.11356320977210999,
    0.11223193258047104,
    0.11053404211997986,
    0.10729658603668213,
    0.10628294944763184,
    0.10511008650064468,
    0.10388762503862381,
    0.10343647748231888,
    0.10252469033002853,
    0.10279012471437454,
    0.10057463496923447,
    0.09907647967338562,
    0.09675069898366928,
    0.09597545862197876,
    0.09439164400100708,
    0.09352631866931915,
    0.09297402203083038,
    0.09245152026414871,
    0.09345243871212006,
    0.09256261587142944,
    0.09119857102632523,
    0.09101901203393936,
    0.09039834886789322,
    0.08926241844892502,
    0.08895993232727051,
    0.08815617114305496,
    0.08745534718036652,
    0.086301788687706,
    0.09015317261219025,
    0.08589167147874832,
    0.08727973699569702,
    0.08740408718585968,
    0.08730076253414154,
    0.08869300782680511,
    0.08896544575691223,
    0.08870144188404083,
    0.08995037525892258,
    0.08907576650381088,
    0.08640165627002716,
    0.08740917593240738
  ],
  "val_accuracy": [
    0.9515287280082703,
    0.9515287280082703,
    0.9578672647476196,
    0.9589858055114746,
    0.9597315192222595,
    0.9604772329330444,
    0.9604772329330444,
    0.9586129784584045,
    0.9619686603546143,
    0.9619686603546143,
    0.9608501195907593,
    0.963087260723114,
    0.9623415470123291,
    0.9627143740653992,
    0.964205801486969,
    0.9656972289085388,
    0.9653244018554688,
    0.9660701155662537,
    0.9664429426193237,
    0.9656972289085388,
    0.9671886563301086,
    0.9660701155662537,
    0.9664429426193237,
    0.9660701155662537,
    0.9683072566986084,
    0.9675615429878235,
    0.9671886563301086,
    0.9701715111732483,
    0.9701715111732483,
    0.9697986841201782,
    0.9705443978309631,
    0.9709172248840332,
    0.9742729067802429,
    0.972408652305603,
    0.971290111541748,
    0.9701715111732483,
    0.972408652305603,
    0.9720357656478882,
    0.9731543660163879,
    0.972408652305603,
    0.9720357656478882,
    0.9705443978309631,
    0.9720357656478882,
    0.9731543660163879,
    0.9716629385948181,
    0.9709172248840332,
    0.973527193069458
  ]
}