Model,Accuracy,Precision (Macro),Recall (Macro),F1-Score (Macro)
MLP (Baseline),0.9731543624161074,0.9074336188053177,0.774180130214613,0.8263403263403264
TabNet (Transfer Learning 1),0.9627143922445935,0.8955927954080622,0.6445864480347239,0.7062714656199621
Transformer (Transfer Learning 2),0.9675615212527964,0.8536176628166312,0.7566403424162045,0.7964713465911519
