{
  "loss": [
    0.25455368862398986,
    0.16499065311810734,
    0.15173796043109494,
    0.1465055007938761,
    0.14437027729645288,
    0.14067236599582347,
    0.1469790417571233,
    0.1326925323608776,
    0.12707785052417295,
    0.12130006627510363,
    0.1202385540386098,
    0.12025898747615214,
    0.11523438868678085,
    0.11872830313352702,
    0.11972391168200272,
    0.11945438414535876,
    0.12294223356709841,
    0.1259371610724457,
    0.12850217438327047,
    0.12430521895107122,
    0.1225496804530379,
    0.12016966881348935,
    0.11862504041044428,
    0.11538513693404906,
    0.11484352775696711,
    0.11210697716695503,
    0.10748034197516851
  ],
  "val_accuracy": [
    0.9545115585384042,
    0.9537658463832961,
    0.9578672632363907,
    0.9578672632363907,
    0.9589858314690529,
    0.9515287099179717,
    0.9530201342281879,
    0.959731543624161,
    0.9604772557792692,
    0.9526472781506339,
    0.9586129753914989,
    0.9634601043997018,
    0.9586129753914989,
    0.9612229679343773,
    0.9623415361670395,
    0.9612229679343773,
    0.9619686800894854,
    0.953392990305742,
    0.9634601043997018,
    0.9612229679343773,
    0.9567486950037286,
    0.9489187173750933,
    0.9604772557792692,
    0.9627143922445935,
    0.9615958240119314,
    0.9608501118568232,
    0.9615958240119314
  ]
}