{
  "loss": [
    0.1813882738351822,
    0.1477486789226532,
    0.14240995049476624,
    0.13678273558616638,
    0.134333074092865,
    0.12973341345787048,
    0.12568648159503937,
    0.12388385832309723,
    0.1199888288974762,
    0.1192857101559639,
    0.11588376015424728,
    0.1155557706952095,
    0.11335014551877975,
    0.11100829392671585,
    0.10740066319704056,
    0.11080627143383026,
    0.10275892913341522,
    0.10663656890392303,
    0.10380673408508301,
    0.09878228604793549,
    0.10428709536790848,
    0.09621165692806244,
    0.09813215583562851,
    0.09254290163516998,
    0.09553740918636322,
    0.09130720794200897,
    0.0896739661693573,
    0.08785315603017807,
    0.08889264613389969,
    0.08627341687679291,
    0.08503856509923935,
    0.08379317075014114,
    0.07908090949058533,
    0.08290635794401169,
    0.07997854053974152,
    0.08223748207092285,
    0.07842497527599335,
    0.07872863858938217,
    0.0745878741145134,
    0.07696819305419922,
    0.0728677436709404,
    0.07446750998497009,
    0.07320087403059006,
    0.07090934365987778,
    0.0691966712474823,
    0.06208547204732895,
    0.056581780314445496,
    0.05614123120903969,
    0.05562601611018181,
    0.05527234822511673,
    0.05190659314393997,
    0.05408259108662605,
    0.04814663529396057
  ],
  "accuracy": [
    0.9456695318222046,
    0.9554969668388367,
    0.9554969668388367,
    0.9570949077606201,
    0.9579737782478333,
    0.9572547078132629,
    0.9585330486297607,
    0.9603707194328308,
    0.9605305194854736,
    0.9617289900779724,
    0.9623681902885437,
    0.9623681902885437,
    0.9628475308418274,
    0.9638063311576843,
    0.9623681902885437,
    0.9648450016975403,
    0.9660434722900391,
    0.9656440019607544,
    0.9657238721847534,
    0.9662831425666809,
    0.9644455313682556,
    0.9674017429351807,
    0.9664429426193237,
    0.9691594839096069,
    0.968120813369751,
    0.969239354133606,
    0.9703579545021057,
    0.9708373546600342,
    0.9691594839096069,
    0.9714764952659607,
    0.9701981544494629,
    0.9713966250419617,
    0.9737935662269592,
    0.9737935662269592,
    0.9736337661743164,
    0.9730744361877441,
    0.9734739661216736,
    0.9743528366088867,
    0.9744327068328857,
    0.973234236240387,
    0.9752317070960999,
    0.975151777267456,
    0.975151777267456,
    0.9757909774780273,
    0.977149248123169,
    0.9782677888870239,
    0.9809044599533081,
    0.9797059893608093,
    0.9801853895187378,
    0.9803451299667358,
    0.9820230007171631,
    0.9809044599533081,
    0.9829018712043762
  ],
  "val_loss": [
    0.14473366737365723,
    0.1348465234041214,
    0.1381448209285736,
    0.13614396750926971,
    0.12928439676761627,
    0.12618190050125122,
    0.1252959817647934,
    0.1255766600370407,
    0.1266893744468689,
    0.1329975575208664,
    0.11917101591825485,
    0.12048468738794327,
    0.1171664372086525,
    0.1133703887462616,
    0.11827674508094788,
    0.1183704063296318,
    0.11015699803829193,
    0.11922857910394669,
    0.10946526378393173,
    0.11095742881298065,
    0.107880137860775,
    0.10226718336343765,
    0.10331004858016968,
    0.1004338264465332,
    0.10658034682273865,
    0.1032521203160286,
    0.1010596752166748,
    0.10553531348705292,
    0.10214720666408539,
    0.10646770894527435,
    0.0967663824558258,
    0.10100217908620834,
    0.09462656080722809,
    0.09580758959054947,
    0.10184991359710693,
    0.09788879752159119,
    0.10613680630922318,
    0.09299886226654053,
    0.10726835578680038,
    0.09843573719263077,
    0.10123378038406372,
    0.11784210056066513,
    0.10379421710968018,
    0.10799770057201385,
    0.11270206421613693,
    0.11036529392004013,
    0.1104874387383461,
    0.10708058625459671,
    0.10908091068267822,
    0.10499200969934464,
    0.11421146988868713,
    0.11531729251146317,
    0.11683348566293716
  ],
  "val_accuracy": [
    0.9560030102729797,
    0.9567487239837646,
    0.9582400918006897,
    0.9571215510368347,
    0.95488440990448,
    0.9571215510368347,
    0.9578672647476196,
    0.9601044058799744,
    0.9608501195907593,
    0.9545115828514099,
    0.9589858055114746,
    0.9608501195907593,
    0.963087260723114,
    0.9623415470123291,
    0.9615958333015442,
    0.9627143740653992,
    0.9627143740653992,
    0.9601044058799744,
    0.963087260723114,
    0.9638329744338989,
    0.9653244018554688,
    0.9653244018554688,
    0.9653244018554688,
    0.9656972289085388,
    0.9649515151977539,
    0.964205801486969,
    0.9656972289085388,
    0.9634600877761841,
    0.964205801486969,
    0.964205801486969,
    0.9627143740653992,
    0.964205801486969,
    0.9668158292770386,
    0.9653244018554688,
    0.9671886563301086,
    0.9653244018554688,
    0.9627143740653992,
    0.9683072566986084,
    0.9664429426193237,
    0.9668158292770386,
    0.9686800837516785,
    0.9645786881446838,
    0.9683072566986084,
    0.9675615429878235,
    0.9649515151977539,
    0.9686800837516785,
    0.9686800837516785,
    0.9694257974624634,
    0.9686800837516785,
    0.9697986841201782,
    0.9690529704093933,
    0.9683072566986084,
    0.9701715111732483
  ]
}